"","names","sharpe_ratio","sortino_ratio"
"1","naive",-0.13109278138348,-0.199333712806789
"2","minvar",0.0822935539856383,0.129945625292869
"3","maxsr",0.0469343590313711,0.070175914700767
"4","riskpp",0.311673043763912,2.31474124022558
