"","names","sharpe_ratio","sortino_ratio"
"1","naive",-0.13109278138348,-0.199333712806789
"2","minvar",0.0994857370774197,0.146331029248242
"3","maxsr",0.0200649216185275,0.0306507216684817
"4","riskpp",0.311666413452575,2.31927339560665
