"","names","sharpe_ratio","sortino_ratio"
"1","naive",-0.13109278138348,-0.199333712806789
"2","minvar",0.0405344872906494,0.05607909612906
"3","maxsr",0.00223821712759952,0.00354295810683881
"4","riskpp",0.321218786078487,2.37601105785768
