"","names","sharpe_ratio","sortino_ratio"
"1","naive",-0.13109278138348,-0.199333712806789
"2","minvar",0.0294835654471383,0.0521694303153392
"3","maxsr",0.22615623724907,0.733199430756131
"4","riskpp",0.254523661001822,1.18983138743202
